player_id,short_name,first_name,last_name,gender,team_id
1096014,T. Edozie,Tom,Edozie,male,22988
1050460,J. Monga,Jeremy,Monga,male,25891
1046087,M. Mane,Mateus,Mane,male,2339
961676,Y. Konak,Yunus Emre,Konak,male,1669
960198,J. Moore,Jayden,Moore,male,22977
956105,R. Rees-Dottin,Remy,Rees-Dottin,male,30497
956089,B. Winterburn,Ben,Winterburn,male,26679
956085,A. Harris,Archie Andrew Philip,Harris,male,26679
933026,A. Heaven,Ayden,Heaven,male,1611
932310,O. Aluko,Olabade,Aluko,male,2317
930632,S. Kone,Sekou,Kone,male,22975
930030,H. Armstrong,Harrison,Armstrong,male,1647
916734,F. Simmonds,Freddie,Simmonds,male,26672
915231,G. Kukonki,Godwill,Kukonki,male,2330
911156,Pedro Lima,Pedro Henrique,Cardoso de Lima,male,1629
911027,Vitor Reis,Vitor,de Oliveira Nunes dos Reis,male,1625
906075,W. Okoduwa,Wesley,Okoduwa,male,2339
900578,B. Fredrick,Benjamin Chiemela,Fredrick,male,68095
899776,A. Nallo,Amara,Nallo,male,22985
898193,Min-hyeok Yang,Min-hyuk,Yang,male,1650
896402,M. Kinsey-Wellings,Maxwell,Kinsey-Wellings,male,26679
895623,A. Anselmino,Aarón,Anselmino,male,1610
895000,E. Mayers,Ezra ,Mayers,male,22973
894316,T. Yogane,Tony,Yogane,male,1703
886722,D. Adu-Adjei,Daniel William,Adu-Adjei,male,26679
885623,M. Hardy,Malachi,Hardy,male,2344
882813,S. Brits,Spike,Brits,male,2424
882697,L. Williams-Barnett,Luca,Williams-Barnett,male,2344
882369,S. Amissah,Sam,Amissah,male,2324
874018,S. Neave,Sean,Neave,male,2331
865757,Maeson King,Maeson,King,male,22980
865755,C. Obi,Chidozie,Obi-Martin,male,1611
864680,J. Eyestone,Julian,Eyestone,male,68095
856213,Y. Minteh,Yankuba,Minteh,male,1651
854563,B. Arthur,Benjamin,Arthur,male,68095
854468,S. Mheuka,Shumaira,Mheuka,male,22982
854463,G. Antwi,Genesis,Antwi,male,2333
854404,H. Howell,Harry,Howell,male,26672
854389,J. Porter,Jack,Porter,male,2285
854133,I. Morgan,Iwan,Morgan,male,68095
851151,J. Robinson,Jay,Robinson,male,22977
850903,C. Olusesi,Callum,Olusesi,male,2344
850824,T. Taylor,Tom,Taylor,male,2326
850716,C. Kporha,Caleb,Kporha,male,22983
847514,J. Nichols,Josh ,Nichols,male,22994
847510,I. Kabia,Ismeal ,Kabia,male,22994
847508,M. Kacurri,Maldini ,Kacurri,male,1820
847422,R. Esse,Romain Joy,Kouakou Esse,male,1628
846827,E. Harrison,Elyh Samuel,Harrison,male,22975
835236,Gustavo Nunes,Gustavo,Nunes Fernandes Gomes,male,1669
828739,A. Agbinone,Asher,Agbinone,male,1648
827867,W. Lankshear,Will,Lankshear,male,1627
825591,J. Evans,Jake,Evans,male,25891
825004,B. Broggio,Ben,Broggio,male,2422
825003,M. Moore,Mikey,Moore,male,2344
824994,J. King,Joshua David Steven,King,male,1616
824993,J. Fletcher,Jack,Fletcher,male,2330
824989,J. Fitzgerald,Jayce,Fitzgerald,male,2330
824988,H. Amass,Harry,Amass Fiorentino,male,1611
824351,J. Soler,Julio César,Soler Barreto,male,1659
823250,Z. Marsh,Zach,Marsh,male,22983
822917,J. Acheampong,Joshua Kofi,Acheampong,male,1610
819634,E. Wheatley,Ethan Joseph,Wheatley,male,1652
819279,D. Ajayi,Oyindamola,Ajayi,male,22980
819250,C. Bates,Callum,Bates,male,22969
818118,M. Godo,Martial,Godo,male,22984
817247,M. Akinmboni,Matai,Akinmboni,male,1659
817084,J. Knight,Joe,Knight,male,26672
816545,C. Echeverri,Claudio Jeremías,Echeverri,male,1625
816274,J. Sanda,Joachim,Kayi Sanda,male,1619
810336,J. Devenny,Justin,Devenny,male,22983
809491,F. Buonanotte,Facundo Valentín,Buonanotte,male,1631
809003,C. McKenna,Callan,McKenna,male,26679
808999,W. Alves,Will,Alves,male,10529
808995,J. Wright,Jacob,Wright,male,1626
807765,R. Trevitt,Ryan,Trevitt,male,1703
807014,D. Gómez,Diego Alexander,Gómez Amarilla,male,1651
803390,Luis Guilherme,Luis Guilherme,Lira dos Santos,male,1633
798323,R. Dixon,Roman,Dixon,male,22969
790418,B. Meupiyou,Bastien,Meupiyou Menadjou,male,1629
790219,J. Meghoma,Jayden,Meghoma,male,1641
790216,J. Jimoh,Jamaldeen,Jimoh,male,2422
789710,J. Moorhouse,Jack,Moorhouse,male,22975
786845,J. Slater,Jacob,Slater,male,26672
786541,M. Amougou,Mathis,Amougou,male,1610
783784,M. O'Mahony,Mark,O'Mahony,male,1622
783782,F. Umeh,Franco,Umeh-Chibueze,male,22983
783644,J. Simpson-Pusey,Jahmai,Simpson-Pusey,male,22986
781890,K. Nedeljković,Kosta ,Nedeljković,male,2975
779565,L. Bergvall,Lucas,Bergvall,male,1624
777938,Dean Huijsen,Dean,Huijsen,male,1659
776857,T. George,Tyrique,George,male,1610
776849,S. Amo-Ameyaw,Samuel,Amo-Ameyaw,male,3779
776736,D. Sadi,Dominic,Sadi,male,26679
776649,J. Danns,Jayden,Danns,male,1632
775200,T. Setford,Tommy,Setford,male,22966
771887,M. Golding,Michael,Golding,male,1631
770402,Marc Guiu,Marc,Guiu Paz,male,1610
770018,Z. Abbott,Zach,Abbott,male,26663
769918,Andrés García,Andrés,García Robledo,male,1614
769441,L. Yoro,Leny,Yoro,male,1611
767341,C. Tasker,Charlie,Tasker,male,26672
767330,L. Miley,Lewis,Miley,male,1613
767319,S. Boniface,Somto,Boniface,male,27773
767099,M. Sherif,Martin,Sherif,male,22969
767091,I. Samuels-Smith,Ishé,Samuels-Smith,male,22982
767087,A. Gray,Archie,Gray,male,1624
767039,O. Scarles,Oliver,Scarles,male,22973
764067,E. da Silva Moreira,Eric Emanuel,da Silva Moreira,male,1642
763116,R. McConville,Ruairi,McConville,male,1626
762994,T. Fredricson,Tyler,Fredricson,male,22975
753613,L. Shahar,Leo,Shahar,male,22976
753608,B. Clarke,Brayden Cian,Clarke,male,2285
753577,T. Nyoni,Trey,Nyoni,male,2328
750677,A. Murphy,Alex,Murphy,male,1615
747910,W. Osula,William Idamudia,Daugaard Osula,male,1613
745929,E. Nwaneri,Ethan,Nwaneri,male,1609
745928,J. Gower,Jimi,Gower,male,22966
745926,M. Lewis-Skelly,Myles,Lewis-Skelly,male,1609
745275,C. Ebere,Coby,Ebere,male,22969
744146,K. Young,Kadan,Young,male,5088
743352,A. Dorrington,Alfie,Dorrington,male,8518
739094,D. Jebbison,Daniel,Jebbison,male,1659
735759,N. O'Reilly,Nico,O'Reilly,male,22986
733093,K. Rodney,Kaden,Rodney,male,22983
733091,T. Wilson-Brown,Thomas,Wilson-Brown,male,8516
732998,J. Hinshelwood,Jack,Hinshelwood,male,1651
732238,A. Scott,Alex,Scott,male,1659
731238,T. Dibling,Tyler,Dibling,male,1619
731232,H. Cartwright,Henry,Cartwright,male,25891
730424,N. Djiga,Nasser Yacouba,Djiga,male,1629
729649,A. Fatawu,Issahaku Abdul,Fatawu,male,1631
724763,Z. Silcott-Duberry,Zain,Silcott-Duberry,male,1659
722859,J. Metcalfe,Jenson,Metcalfe,male,1670
719786,C. Baleba,Carlos Noom,Quomah Baleba,male,1651
715986,I. Heath,Isaac,Heath,male,22969
707333,V. Kristiansen,Victor,Bernth Kristiansen,male,1631
700494,S. Braybrooke,Sammy,Braybrooke,male,25891
700018,M. Kayode,Michael Olabode,Kayode,male,1669
698931,L. Orford,Lewis,Orford,male,22973
698930,K. Casey,Kaelan,Casey,male,22973
698840,Dango Ouattara,Dango Aboubacar,Faissal Ouattara,male,1659
693147,A. Pond,Alfie,Pond,male,22988
692544,K. Mainoo,Kobbie,Mainoo,male,1611
692543,A. Garnacho,Alejandro,Garnacho Ferreira,male,1611
689107,Renato Veiga,Renato,Palma Veiga,male,3159
688446,Chadi Riad,Chadi,Riad Dnanou,male,1628
685275,J. Henry-Francis,Jack,Henry-Francis,male,22966
681063,M. Tel,Mathys,Tel,male,1624
677949,Y. Ayari,Yasin Abbas,Ayari,male,1651
669602,N. Jackson,Nicolas,Jackson,male,1610
661732,Savinho,Sávio ,Moreira de Oliveira,male,1625
659056,K. Sulemana,Kamaldeen,Sulemana,male,1619
658798,R. Lewis,Rico Henry Mark,Lewis,male,1625
658308,Mateus Fernandes,Mateus Gonçalo,Espanha Fernandes,male,1619
657854,W. Odobert,Wilson Serge Eric,Odobert,male,1624
656947,O. Hutchinson,Omari Elijah,Giraud-Hutchinson,male,1634
656601,L. Ugochukwu,Lesley Chimuanya,Ugochukwu,male,1619
656521,Carlos Forbs,Carlos Roberto,Forbs Borges,male,1629
656446,M. Kerkez,Milos,Kerkez,male,1659
654893,A. Wharton,Adam James,Wharton,male,1628
653894,Kim Ji-Soo,Kim ,Ji-Soo,male,1669
653730,A. Khusanov,Abdukodir,Khusanov,male,1625
653425,L. Bogarde,Lamare,Bogarde,male,22974
653138,R. Sosa,Ramón,Sosa Acosta,male,1642
652357,D. Cassanova,Dante,Cassanova,male,22980
648855,R. Edwards,Ronnie,Edwards,male,1650
646204,C. Alcaraz,Carlos Jonas,Alcaraz,male,1623
645877,Y. Mosquera,Yerson,Mosquera Valdelamar,male,1629
645032,Youssef Chermiti,Youssef,Ramalho Chermiti,male,1623
644809,Matheus França,Matheus,França de Oliveira,male,1628
644531,J. O''Brien-Whitmarsh,Joe,O''Brien-Whitmarsh,male,22977
644098,V. Barco,Valentín,Barco,male,3779
642617,T. Chirewa,Tawanda,Chirewa,male,1673
639388,S. Swinkels,Sil,Swinkels,male,1685
639248,D. Mubama,Divin,Mubama,male,22986
639244,A. Devine,Alfie,Devine,male,5084
638771,B. Nelson,Ben,Nelson,male,1683
637860,O. Zych,Oliwier,Zych,male,22974
635038,H. Elliott,Harvey,Elliott,male,1612
633277,B. El Khannouss,Bilal,El Khannouss,male,1631
631621,H. Davies,Harvey,Davies,male,22985
631619,C. Bradley,Conor,Bradley,male,1612
631618,T. Morton,Tyler,Morton,male,1612
630651,B. Gruda,Brajan,Gruda,male,1651
627131,J. Hill,James,Hill,male,1659
627012,Murillo,Murillo Santiago,Costa dos Santos,male,1642
625787,M. van de Ven,Micky,van de Ven,male,1624
623641,E. Agbadou,Emmanuel,Agbadou,male,1629
623374,T. Iroegbunam,Tim Emeka,Iroegbunam,male,1623
622482,B. Verbruggen,Bart,Verbruggen,male,1651
622236,D. Scarlett,Dane,Scarlett,male,1624
622234,J. Stansfield,Jay,Stansfield,male,1618
622219,R. Welch,Reece,Welch,male,22969
622200,J. Quansah,Jarell,Amorin Quansah,male,1612
622113,Chiquinho,Francisco Jorge,Tavares Oliveira,male,686
621289,S. Oulad M'Hand,Salah-Eddine,Oulad M'Hand,male,22966
621262,Y. Yarmoliuk,Yegor,Yarmoliuk,male,1669
621113,L. Hall,Lewis,Hall,male,1613
620468,J. Greaves,Jacob,Greaves,male,1634
619987,P. Dorgu,Patrick Chinazaekpere,Dorgu,male,1611
619747,L. Colwill,Levi,Colwill,male,1610
619727,S. Edozie,Samuel,Edozie,male,5068
619725,O. Bobb,Oscar,Bobb,male,1625
618849,J. McConnell,James,McConnell,male,22985
616591,E. Ferguson,Evan,Ferguson,male,1633
614945,J. Anthony,Jaidon,Anthony,male,1646
614939,W. Dennis,Will,Dennis,male,1659
614647,Danilo,Danilo,dos Santos de Oliveira,male,1642
614501,M. Caicedo,Moisés Isaac,Caicedo Corozo,male,1610
613296,C. Casadei,Cesare,Casadei,male,3185
609113,R. Lavia,Roméo,Lavia,male,1610
608151,T. Cannon,Tom,Cannon,male,1636
607944,P. Sarr,Pape Matar,Sarr,male,1624
607630,Igor Thiago,Igor Thiago,Nascimento Rodrigues,male,1669
606741,J. Philogene,Jaden,Philogene-Bidace,male,1634
604763,D. Udogie,Iyenoma Destiny,Udogie,male,1624
604320,J. Branthwaite,Jarrad,Branthwaite,male,1623
601998,T. Collyer,Toby,Collyer,male,1611
601257,N. Ahamada,Naouirou,Ahamada,male,3774
600902,I. Kaboré,Issa,Kaboré,male,2443
600432,J. Durán,Jhon Jader,Durán Palacios,male,16470
600189,J. Enciso,Julio Cesar,Enciso Espinola,male,1634
600184,E. Fernández,Enzo Jeremías,Fernández,male,1610
599817,João Pedro,João Pedro,Junqueira de Jesus,male,1651
598178,João Gomes,João Victor,Gomes da Silva,male,1629
596942,K. Lewis-Potter,Keane,Lewis-Potter,male,1669
596845,C. Rushworth,Carl,Rushworth,male,1651
596046,A. Hickey,Aaron,Hickey,male,1669
595249,André,Andrè,Trindade da Costa Neto,male,1629
595115,N. Butler-Oyedeji,Nathan,Butler-Oyedeji,male,22966
594968,Rodrigo Gomes,Rodrigo,Martins Gomes,male,1629
594120,J. O'Brien,Jake,O'Brien,male,1623
592655,L. Davis,Leif,Davis,male,1634
590874,Toti,Toti António,Gomes,male,1629
590781,J. van Hecke,Jan Paul,van Hecke,male,1651
590703,I. Zabarnyi,Ilya,Zabarnyi,male,1659
589174,J. Gauci,Joe,Gauci,male,1663
589103,Matheus Nunes,Matheus Luiz,Nunes,male,1625
589075,M. Wieffer,Mats,Wieffer,male,1651
586894,I. Ndiaye,Iliman Cheikh,Ndiaye,male,1623
586585,M. Gusto,Malo,Gusto,male,1610
586491,D. Mee,Dermot,Mee,male,22975
586462,A. Omobamidele,Andrew,Omobamidele,male,3779
586420,C. Slicker,Cieran,Slicker,male,1634
584520,Nico González,Nicolás,González Iglesias,male,1625
583656,A. Diallo,Amad,Diallo Traoré,male,1611
583655,C. Okoli,Memeh Caleb,Okoli,male,1631
582090,B. Traoré,Boubacar,Traoré,male,1629
580990,Beto,Norberto,Bercique Gomes Betuncal,male,1623
580755,L. Delap,Liam,Delap,male,1634
579610,G. Rutter,Georginio ,Rutter,male,1651
579408,R. Højlund,Rasmus,Winther Højlund,male,1611
579022,Ali Al Hamadi,Ali Ibrahim Karim,Al Hamadi,male,1639
579007,K. McAteer,Kasey,McAteer,male,1631
578847,F. Jörgensen,Filip,Jörgensen,male,1610
578325,W. Saliba,William,Saliba,male,1609
576405,J. Clarke,Jack,Clarke,male,1634
569598,M. Peart-Harris,Myles,Peart-Harris,male,10531
569595,S. Rak-Sakyi,Sam,Rak-Sakyi,male,22982
568412,J. Gvardiol,Josko,Gvardiol,male,1625
566728,Welington,Welington,Damascena Santos,male,1619
566474,A. Elanga,Anthony David ,Junior  Elanga ,male,1642
565016,R. Aït-Nouri,Rayan,Aït-Nouri,male,1629
564030,I. Samuels,Imari,Samuels,male,8517
563725,Morato,Felipe,Rodrigues da Silva,male,1642
563113,M. Alleyne,Max,Alleyne,male,22986
558243,S. van den Berg,Sepp,van den Berg,male,1669
557788,W. Fofana,Wesley,Fofana,male,1610
557406,A. Semenyo,Antoine,Semenyo,male,1659
555939,Gabriel Martinelli,Gabriel Teodoro,Martinelli Silva,male,1609
552979,Carlos Miguel,Carlos Miguel,dos Santos Pereira,male,1642
552926,S. Adingra,Simon,Adingra,male,1651
551573,I. Maatsen,Ian,Maatsen,male,1614
551497,C. Palmer,Cole,Palmer,male,1610
551442,Pedro Porro,Pedro Antonio,Porro Sauceda,male,1624
549485,J. Doku,Jérémy,Doku,male,1625
546441,A. Kinský,Antonín,Kinský,male,1624
542200,R. Calafiori,Riccardo,Calafiori,male,1609
540754,A. Onana,Amadou,Mvom Onana,male,1614
529349,Antony,Antony Matheus,dos Santos,male,684
528194,J. McAtee,James,McAtee,male,1625
525627,J. Wilson-Esbrand,Josh,Wilson-Esbrand,male,1639
525621,J. Sarmiento,Jeremy Leonel,Sarmiento Morante,male,1646
525613,T. Livramento,Valentino Francisco ,Livramento,male,1613
524163,B. Johnson,Brennan,Johnson,male,1624
522222,K. Schade,Kevin,Schade,male,1669
521457,A. Bella-Kotchap,Armel,Bella-Kotchap,male,1619
514484,Fábio Carvalho,Fábio Leandro,Freitas Gouveia Carvalho,male,1669
488326,Rodrigo Muniz,Rodrigo,Muniz Carvalho,male,1616
485406,Evanilson,Francisco Evanilson,de Lima Barbosa,male,1659
453315,A. Grønbæk,Albert,Grønbæk Erlykke,male,1619
449472,M. Damsgaard,Mikkel,Damsgaard,male,1669
449240,J. Lindstrøm,Jesper,Grænge Lindstrøm,male,1623
7847,Ł. Fabiański,Łukasz,Fabiański,male,1633
7939,A. Young,Ashley ,Young,male,1623
32775,S. Carson,Scott ,Carson,male,1625
8331,J. Ruddy,John,Ruddy,male,1613
8319,J. Milner,James,Milner,male,1651
77502,T. Heaton,Tom,Heaton,male,1611
61941,F. Forster,Fraser,Forster,male,1624
8240,S. Coleman,Séamus,Coleman,male,1623
105333,Willian,Willian,Borges da Silva,male,1616
8425,W. Hennessey,Wayne ,Hennessey,male,1642
8140,A. Lallana,Adam,Lallana,male,1619
7914,J. Evans,Jonny,Evans,male,1611
8156,J. Steele,Jason,Steele,male,1651
8726,A. Begović,Asmir,Begović,male,1623
234399,A. Webster,Adam,Webster,male,1651
104851,M. Dúbravka,Martin,Dúbravka,male,1613
8582,A. Cresswell,Aaron,Cresswell,male,1633
7945,D. Welbeck,Daniel Nii,Tackie Mensah Welbeck,male,1651
8221,J. Ward,Joel,Ward,male,1628
8392,N. Clyne,Nathaniel,Clyne,male,1628
8277,K. Walker,Kyle,Walker,male,3157
14808,İ. Gündoğan,İlkay,Gündoğan,male,1625
8580,A. McCarthy,Alex,McCarthy,male,1619
8677,M. Antonio,Michail,Antonio,male,1633
9206,C. Wood,Chris,Wood,male,1642
38021,K. De Bruyne,Kevin,De Bruyne,male,1625
8460,A. Smith,Adam,Smith,male,1659
8360,C. Dawson,Craig,Dawson,male,1629
11669,C. Wilson,Callum,Wilson,male,1613
20922,Neto,Norberto,Murara Neto,male,1609
37897,M. Sels,Matz,Sels,male,1642
9624,T. Cairney,Tom,Cairney,male,1616
11270,Sam Morsy,Sam,Morsy,male,1634
25571,J. Ayew,Jordan,Ayew,male,1631
54,C. Eriksen,Christian ,Dannemann Eriksen,male,1611
25706,I. Gueye,Idrissa Gana,Gueye,male,1623
8945,K. Trippier,Kieran,Trippier,male,1613
8944,B. Mee,Ben,Mee,male,1669
14768,B. Leno,Bernd,Leno,male,1616
7848,E. Martínez,Damián Emiliano,Martínez,male,1614
214220,Alisson,Alisson Ramsés,Becker,male,1612
40756,Casemiro, Carlos Henrique José,Francisco Venancio Casimiro,male,1611
47,J. Veltman,Joël,Veltman,male,1651
14911,Son Heung-Min,Heung-Min,Son,male,1624
4015,Pablo Sarabia,Pablo,Sarabia García,male,1629
50102,F. Schär,Fabian,Schär,male,1613
192792,D. Burn,Dan,Burn,male,1613
50798,R. Olsen,Robin,Olsen,male,1614
95349,W. Endo,Wataru,Endo,male,1612
71703,V. Lindelöf,Victor,Nilsson Lindelöf,male,1611
9097,L. Dunk,Lewis,Dunk,male,1651
25418,A. Aréola,Alphonse,Aréola,male,1633
25701,L. Digne,Lucas,Digne,male,1614
120353,Mohamed Salah,Mohamed ,Salah Ghaly,male,1612
8955,D. Ings,Danny,Ings,male,1633
15806,J. Vestergaard,Jannik,Vestergaard,male,1631
9210,W. Foderingham,Wes,Foderingham,male,1633
15146,S. Ortega,Stefan,Ortega Moreno,male,1625
8246,R. Barkley,Ross,Barkley,male,1614
8136,J. Stephens,Jack,Stephens,male,1619
56262,C. Nørgaard,Christian,Nørgaard,male,1669
134717,L. Trossard,Leandro,Trossard,male,1609
69404,M. Kovačić,Mateo,Kovačić,male,1625
25486,W. Boly,Willy,Boly,male,1642
83150,V. Coufal,Vladimír,Coufal,male,1633
12829,J. Vardy,Jamie,Vardy,male,1631
62224,R. Fraser,Ryan,Fraser,male,1619
16814,O. Vlachodimos,Odysseas,Vlachodimos,male,1613
10131,J. Pickford,Jordan,Pickford,male,1623
11066,R. Sterling,Raheem,Sterling,male,1609
136509,D. Ward,Danny,Ward,male,1631
28292,A. Doucouré,Abdoulaye,Doucouré,male,1623
29640,M. Lemina,Mario,Lemina,male,4492
12379,B. Godfrey,Ben,Godfrey,male,1634
14705,N. Füllkrug,Niclas,Füllkrug,male,1633
62126,M. Doherty,Matt,Doherty,male,1629
21315,Jorginho,Jorge Luiz,Frello Filho,male,1609
9433,J. Tarkowski,James ,Tarkowski,male,1623
9956,D. Bentley,Daniel,Bentley,male,1629
7953,C. Coady,Conor ,Coady,male,1631
8501,J. Schlupp,Jeffrey ,Schlupp,male,8508
40787,Emerson Palmieri,Emerson,Palmieri dos Santos,male,1633
8653,H. Maguire,Harry ,Maguire,male,1611
134102,N. Aké,Nathan,Aké,male,1625
51064,E. Krafth,Emil,Krafth,male,1613
192755,B. De Cordova-Reid,Bobby Armani,De Cordova-Reid,male,1631
370,V. van Dijk,Virgil,van Dijk,male,1612
9380,J. Stones,John,Stones,male,1625
8833,J. Lascelles,Jamaal,Lascelles,male,1613
11126,M. Bettinelli,Marcus,Bettinelli,male,1610
10153,S. Johnstone,Sam,Johnstone,male,1629
3397,Kepa Arrizabalaga,Kepa,Arrizabalaga Revuelta,male,1659
8144,J. Ward-Prowse,James ,Ward-Prowse,male,1633
9164,C. Taylor,Charlie,Taylor,male,1619
71654,Ederson,Ederson,Santana de Moraes,male,1625
136441,B. Davies,Ben,Davies,male,1624
112392,R. Jiménez,Raúl Alonso,Jiménez Rodríguez,male,1616
8286,M. Luongo,Massimo ,Luongo,male,1634
7919,M. Keane,Michael,Keane,male,1623
8135,L. Shaw,Luke,Shaw,male,1611
11051,J. Grealish,Jack,Grealish,male,1625
9683,C. Townsend,Conor,Townsend,male,1634
1712,K. Tete,Kenny,Tete,male,1616
8981,W. Hughes,Will,Hughes,male,1628
5910,Álex Moreno,Alejandro,Moreno Lopera,male,1642
9022,C. Walton,Christian,Walton,male,1634
12242,N. Pope,Nick,Pope,male,1613
70381,Ricardo Pereira,Ricardo Domingos,Barbosa Pereira,male,1631
145787,J. Andersen,Joachim Christian,Andersen,male,1616
173214,T. Werner,Timo,Werner,male,1624
213312,M. Almirón,Miguel Ángel,Almirón Rejala,male,58165
217031,T. Partey,Thomas Teye,Partey,male,1609
219526,M. Flekken,Mark,Flekken,male,1669
222220,A. Robertson,Andrew,Robertson,male,1612
223794,J. McGinn,John,McGinn,male,1614
222770,Nélson Semedo,Nélson,Cabral Semedo,male,1629
227085,José Sá,José Pedro,Malheiro de Sá,male,1629
225947,Adama Traoré,Adama,Traoré Diarra,male,1616
228946,M. Cornet,Gnaly Maxwell,Cornet,male,3193
229076,N. Maupay,Neal,Maupay,male,3771
230020,A. Iwobi,Alex,Iwobi,male,1616
237269,S. Lukić,Saša,Lukić,male,1616
237034,Gonçalo Guedes,Gonçalo Manuel,Ganchinho Guedes,male,1629
240032,J. Bednarek,Jan,Bednarek,male,1619
239411,T. Mings,Tyrone,Mings,male,1614
240070,H. Winks,Harry,Winks,male,1631
240378,O. Aina,Temitayo Olufisayo,Olaoluwa Aina,male,1642
240445,Andreas Pereira,Andreas,Hoelgebaum Pereira,male,1616
241564,O. Zinchenko,Oleksandr,Zinchenko,male,1609
243588,Bruno Fernandes,Bruno Miguel,Borges Fernandes,male,1611
245996,P. Onuachu,Ebere Paul,Onuachu,male,1619
247248,S. March,Solly,March,male,1651
248276,Daniel Podence,Daniel,Castelo Podence,male,16472
249041,W. Burns,Wes,Burns,male,1634
258340,R. Manning,Ryan,Manning,male,1619
255738,J. Lerma,Jefferson Andrés,Lerma Solís,male,1628
257899,J. Gomez,Joe,Gomez,male,1612
258154,Rúben Dias,Rúben ,Santos Gato Alves Dias,male,1625
264303,R. Christie,Ryan,Christie,male,1659
263802,Y. Tielemans,Youri,Tielemans,male,1614
263803,T. Castagne,Timothy,Castagne,male,1616
265366,W. Ndidi,Onyinye Wilfred,Ndidi,male,1631
265673,Bernardo Silva,Bernardo,Mota Veiga de Carvalho e Silva,male,1625
274435,E. Ünal,Enes,Ünal,male,1659
270866,Diego Carlos,Diego Carlos,Santos Silva,male,4487
275780,H. Reed,Harrison,Reed,male,1616
275785,M. Harness,Marcus,Myers-Harness,male,1647
281135,M. Targett,Matt,Targett,male,1613
281242,D. Iversen,Daniel,Iversen,male,1631
282267,H. Wilson,Harry,Wilson,male,1616
282877,S. Szmodics,Sammie,Szmodics,male,1634
283147,D. Henderson,Dean,Henderson,male,1628
283145,T. Adarabioyo,Oluwatosin,Adarabioyo,male,1610
284302,J. Maddison,James,Maddison,male,1624
288080,C. Burgess,Cameron,Burgess,male,1634
284992,H. Toffolo,Harry,Toffolo,male,1642
285506,T. Awoniyi,Taiwo,Awoniyi,male,1642
285403,T. Souček,Tomáš,Souček,male,1633
285382,W. Faes,Wout,Faes,male,1631
286368,Y. Wissa,Yoane,Wissa,male,1669
286380,I. Diop,Issa,Diop,male,1616
286829,A. Armstrong,Adam,Armstrong,male,1627
286831,D. Solanke,Dominic,Solanke,male,1624
288091,Marco Asensio,Marco,Asensio Willemsen,male,1614
290954,K. Tierney,Kieran,Tierney,male,1609
293687,D. Calvert-Lewin,Dominic,Calvert-Lewin,male,1623
293686,J. Murphy,Jacob,Murphy,male,1613
297957,M. Akanji,Manuel,Akanji,male,1625
297621,David Raya,David,Raya Martin,male,1609
298980,Joelinton,Joelinton Cassio,Apolinário de Lira,male,1613
299699,J. Bowen,Jarrod,Bowen,male,1633
300114,J. Lumley,Joe,Lumley,male,1619
301047,O. Watkins,Ollie,Watkins,male,1614
302292,M. Ødegaard,Martin,Ødegaard,male,1609
302518,L. Cook,Lewis,Cook,male,1659
326547,E. Buendía,Emiliano,Buendía,male,2446
303357,P. Billing,Philip,Billing,male,3187
326998,G. Vicario,Guglielmo,Vicario,male,1624
327391,J. Bree,James,Bree,male,1619
333618,K. Ajer,Kristoffer,Vassbakk Ajer,male,1669
336242,R. Henry,Rico,Henry,male,1669
336744,R. Matthews,Remi ,Matthews,male,1628
337003,J. Aribo,Joseph Oluwaseyi Temitope,Ayodele-Aribo,male,1619
339789,Mikel Merino,Mikel,Merino Zazón,male,1609
340386,Gabriel Jesus,Gabriel Fernando,de Jesus,male,1609
340706,G. Rodríguez,Guido,Rodríguez,male,1633
343098,T. King,Tom,King,male,1629
344181,K. Tsimikas,Kostas,Tsimikas,male,1612
344038,A. Onana,André,Onana,male,1611
344040,Marc Cucurella,Marc,Cucurella Saseta,male,1610
344100,Sergio Reguilón,Sergio,Reguilón Rodríguez,male,1624
343958,S. Mavididi,Stephy Alvaro,Mavididi,male,1631
345621,Diogo Jota,Diogo José,Teixeira da Silva,male,1612
345829,C. Kelleher,Caoimhin,Kelleher,male,1612
346125,D. Brooks,David,Brooks,male,1659
346158,E. Nketiah,Eddie,Nketiah,male,1628
346159,J. Willock,Joe,Willock,male,1613
346131,T. Chalobah,Trevoh,Chalobah,male,1610
346139,M. Mount,Mason,Mount,male,1611
346101,T. Alexander-Arnold,Trent,Alexander-Arnold,male,1612
347200,C. Nkunku,Christopher,Nkunku,male,1610
347202,O. Édouard,Odsonne,Édouard,male,1631
349142,N. Mazraoui,Noussair,Mazraoui,male,1611
349099,O. Mangala,Orel Johnson,Mangala,male,1623
349687,Hwang Hee-Chan,Hee-Chan,Hwang,male,1629
350976,B. Chilwell,Ben,Chilwell,male,1628
351803,N. Broadhead,Nathan,Broadhead,male,1634
361163,M. Jensen,Mathias,Jensen,male,1669
356000,C. Chaplin,Conor,Chaplin,male,1634
355937,M. Holgate,Mason,Holgate,male,1627
358801,P. Estupiñán,Pervis Josué,Estupiñán Tenorio,male,1651
359934,K. Phillips,Kalvin,Phillips,male,1634
366720,J. Mateta,Jean-Philippe,Mateta,male,1628
364860,Rodri,Rodrigo,Hernández Cascante,male,1625
361807,R. Bentancur,Rodrigo,Bentancur Colmán,male,1624
369314,A. Bayındır,Altay,Bayındır,male,1611
366217,K. Danso,Kevin,Danso,male,1624
364003,S. Bueno,Santiago Ignacio,Bueno Sciutto,male,1629
365880,D. Kamada,Daichi,Kamada,male,1628
367922,S. Berge,Sander Gard,Bolin Berge,male,1616
365443,M. de Ligt,Matthijs,de Ligt,male,1611
365446,D. Malen,Donyell,Malen,male,1614
369589,Diogo Dalot,José Diogo,Dalot Teixeira,male,1611
367622,V. Janelt,Vitaly,Janelt,male,1669
368225,T. Adams,Tyler,Adams,male,1659
370224,R. Holding,Rob,Holding,male,1636
370937,Bruno Guimarães,Bruno,Guimarães Rodriguez Moura,male,1613
372752,Carlos Soler,Carlos,Soler Barragán,male,1633
375001,I. Sangaré,Ibrahim,Sangaré,male,1642
381290,A. Palmer,Alex,Palmer,male,1634
376353,P. Daka,Patson,Daka,male,1631
376185,M. Turner,Matt,Turner,male,1628
377071,Richarlison,Richarlison,de Andrade,male,1624
379209,D. Rice,Declan,Rice,male,1609
383569,A. Robinson,Antonee,Robinson,male,1616
386020,G. Edmundson,George,Edmundson,male,1620
386328,T. Tomiyasu,Takehiro,Tomiyasu,male,1609
386292,A. Disasi,Axel,Disasi,male,1614
391897,S. Benda,Steven,Benda,male,1616
387702,E. Anderson,Elliott,Anderson,male,1642
388267,L. Bailey,Leon,Bailey Butler,male,1614
393247,I. Konaté,Ibrahima,Konaté,male,1612
390766,C. Ogbene,Chiedozie,Ogbene,male,1634
397033,B. Soumaré,Boubakary,Soumaré,male,1631
397163,A. Tuanzebe,Axel,Tuanzebe,male,1634
397174,S. McTominay,Scott,McTominay,male,3187
397178,M. Rashford,Marcus,Rashford,male,1614
397074,M. Guéhi,Marc,Guéhi,male,1628
396912,J. Bellegarde,Jean-Ricner,Bellegarde,male,1629
397098,R. Nelson,Reiss,Nelson,male,1616
399645,João Virginia,João Manuel,Neves Virginia,male,1623
399559,M. Roerslev,Mads,Roerslev Rasmussen,male,2451
399584,M. Travers,Mark,Travers,male,1620
399581,D. O'Shea,Dara,O'Shea,male,1634
399599,A. Isak,Alexander,Isak,male,1613
400549,Pau Torres,Pau Francisco,Torres,male,1614
400575,M. Tavernier,Marcus,Tavernier,male,1659
403934,M. Munetsi,Marshall Nyasha,Munetsi,male,1629
401050,A. Whiteman,Alfie,Whiteman,male,1624
402884,K. Walker-Peters,Kyle,Walker-Peters,male,1619
404216,B. Kamara,Boubacar,Kamara,male,1614
404756,F. Kadıoğlu,Ferdi,Kadıoğlu,male,1651
404757,J. Kluivert,Justin,Kluivert,male,1659
404748,T. Malacia,Tyrell,Malacia,male,11
406051,J. Moder,Jakub,Moder,male,12
406073,V. Mykolenko,Vitaliy,Mykolenko,male,1623
424806,E. Pinnock,Ethan,Pinnock,male,1669
412027,E. Konsa,Ezri,Konsa Ngoyo,male,1614
412034,J. Justin,James,Justin,male,1631
413002,K. Mavropanos,Konstantinos,Mavropanos,male,1633
412968,M. Senesi,Marcos,Senesi,male,1659
413582,Y. Bissouma,Yves,Bissouma,male,1624
415953,Igor Julio,Igor Julio,dos Santos de Paulo,male,1651
415917,Gabriel Magalhaes,Gabriel,dos Santos Magalhães,male,1609
415847,C. Romero,Cristian Gabriel,Romero,male,1624
419219,F. Onyeka,Frank,Ogochukwu Onyeka,male,2481
419213,C. Gakpo,Cody,Gakpo,male,1612
419784,H. Choudhury,Hamza,Choudhury,male,1636
420090,J. Harrison,Jack,Harrison,male,1623
421696,M. Cash,Matty,Cash,male,1614
422132,Lucas Paquetà,Lucas,Tolentino Coelho de Lima,male,1633
423316,L. Sinisterra,Luis Fernando,Sinisterra Lucumí,male,1659
425925,K. Havertz,Kai,Havertz,male,1609
424241,N. Milenković,Nikola,Milenković,male,1642
424949,R. Sessegnon,Kouassi Ryan,Sessegnon,male,1616
427097,E. Haaland,Erling,Braut Haaland,male,1625
431967,L. Díaz,Luis Fernando,Díaz Marulanda,male,1612
433506,A. Ramsdale,Aaron,Ramsdale,male,1619
434172,G. Hirst,George,Hirst,male,1634
443660,R. Stewart,Ross Cameron,Stewart,male,1619
443740,Carlos Vinícius,Carlos Vinícius,Alves Morais,male,1616
445111,A. Irving,Andy,Irving,male,1633
446423,B. White,Ben,White,male,1609
446705,M. Ugarte,Manuel,Ugarte Ribeiro,male,1611
447097,M. Aarons,Max,Aarons,male,674
447195,H. Clarke,Harry,Clarke,male,1636
447205,P. Foden,Phil,Foden,male,1625
447213,A. Murić,Arijanet,Murić,male,1634
447223,J. Sancho,Jadon,Sancho,male,1610
447228,E. Smith Rowe,Emile,Smith Rowe,male,1616
447357,R. James,Reece,James,male,1610
447408,K. Dewsbury-Hall,Kiernan,Dewsbury-Hall,male,1610
447424,C. Bassey,Calvin,Bassey Ughelumba,male,1616
447536,W. Smallbone,Will,Smallbone,male,1619
447773,B. Austin,Brandon,Austin,male,1624
447804,F. Chiesa,Federico,Chiesa,male,1612
447955,D. Spence,Djed,Spence,male,1624
447963,B. Johnson,Ben,Johnson,male,1634
448079,I. Sarr,Ismaïla,Sarr,male,1628
448210,E. Álvarez,Edson Omar,Álvarez Velázquez,male,1633
448638,S. Longstaff,Sean,Longstaff,male,1613
448645,M. Gibbs-White,Morgan,Gibbs-White,male,1642
448687,Robert Sánchez,Robert,Lynch Sánchez,male,1610
448708,H. Barnes,Harvey,Barnes,male,1613
450826,C. Hudson-Odoi,Callum,Hudson-Odoi,male,1642
451472,P. Maghoma,Edmond-Paris,Maghoma,male,1669
454242,R. Yates,Ryan,Yates,male,1642
454388,B. Mbeumo,Bryan,Mbeumo,male,1669
460321,J. Taylor,Jack,Taylor,male,1634
470680,J. Ramsey,Jacob,Ramsey,male,1614
470819,C. Jones,Curtis,Jones,male,1612
470834,N. Williams,Neco,Williams,male,1642
470978,O. Skipp,Oliver,Skipp,male,1631
471064,T. Lamptey,Tariq,Lamptey,male,1651
471753,João Félix,João Félix,Sequeira,male,3157
472363,D. Kulusevski,Dejan,Kulusevski,male,1624
474104,J. Strand Larsen,Jørgen,Strand Larsen,male,1629
475597,S. Botman,Sven,Botman,male,1613
476345,M. Hermansen,Mads,Hermansen,male,1631
476382,D. Szoboszlai,Dominik,Szoboszlai,male,1612
478618,A. Gordon,Anthony,Gordon,male,1613
479155,N. Collins,Nathan,Collins,male,1669
479831,J. Cajuste,Jens-Lys Michel,Cajuste,male,1634
480608,M. O'Riley,Matt,O'Riley,male,1651
480781,J. Garner,James,Garner,male,1623
481911,A. Mac Allister,Alexis,Mac Allister,male,1612
482177,J. Kiwior,Jakub,Kiwior,male,1609
486252,A. Wan-Bissaka,Aaron,Wan-Bissaka,male,1633
487034,E. Eze,Eberechi,Eze,male,1628
487061,L. Kelly,Lloyd,Kelly,male,3159
488453,L. Martínez,Lisandro,Martínez,male,1611
488708,L. Cundle,Luke,Cundle,male,1638
488709,L. Thomas,Luke,Thomas,male,1631
488711,B. Brereton Díaz,Ben,Brereton Díaz,male,1636
491344,M. Rogers,Morgan,Rogers,male,1614
491413,D. Muñoz,Daniel,Muñoz Mejia,male,1628
491458,J. Timber,Jurriën,Timber Maduro,male,1609
496001,M. Kilman,Max,Kilman,male,1633
496214,N. Domínguez,Nicolás Martín,Domínguez,male,1642
496823,Pedro Neto,Pedro,Lomba Neto,male,1610
499655,Y. Sugawara,Yukinari,Sugawara,male,1619
500553,Omar Marmoush,Omar,Marmoush,male,1625
501419,J. Todibo,Jean-Clair,Todibo,male,1633
503347,W. Coulibaly,Woyo,Coulibaly,male,1631
504249,Jota Silva,João Pedro,Ferreira Silva,male,1642
504375,M. Lacroix,Maxence,Lacroix,male,1628
504579,H. Valdimarsson,Hákon Rafn,Valdimarsson,male,1669
504613,F. Downes,Flynn,Downes,male,1619
508021,Jorge Cuenca,Jorge,Cuenca Barreno,male,1616
508830,B. Gilmour,Billy,Gilmour,male,3187
512982,Matheus Cunha,Matheus,Santos Carneiro Da Cunha,male,1629
518165,H. Traoré,Hamed Junior,Traoré,male,3769
518231,S. Tonali,Sandro,Tonali,male,1613
518805,L. Woolfenden,Luke,Woolfenden,male,1634
520221,T. Doyle,Thomas Glyn,Doyle,male,1629
520291,B. Saka,Bukayo,Saka,male,1609
520300,N. Wood,Nathan,Wood-Gordon,male,1619
524141,V. Jaroš,Vítězslav,Jaroš,male,1612
527201,C. Archer,Cameron,Archer,male,1619
532621,A. Broja,Armando,Broja,male,1623
532749,B. Badiashile,Benoît,Badiashile Mukinayi,male,1610
532892,T. Mitchell,Tyrick,Mitchell,male,1628
532949,D. McNeil,Dwight,McNeil,male,1623
534324,K. Mitoma,Kaoru,Mitoma,male,1651
534563,C. Richards,Chris,Richards,male,1628
535824,R. Gravenberch,Ryan,Gravenberch,male,1612
535839,C. Summerville,Crysencio,Summerville,male,1633
535808,J. Stolarczyk,Jakub,Stolarczyk,male,1631
536067,N. Madueke,Noni ,Madueke,male,1610
536494,M. Mudryk,Mykhailo,Mudryk,male,1610
537185,J. Araujo,Julián Vincente,Araujo Zúñiga,male,1659
540839,C. Doucouré,Cheick Oumar,Doucouré,male,1628
541598,M. Kudus,Mohammed,Kudus,male,1633
543793,J. Zirkzee,Joshua,Zirkzee,male,1611
543873,E. Cashin,Eiran,Cashin,male,1651
543978,D. Núñez,Darwin Gabriel,Núñez Ribeiro,male,1612
544911,N. Patterson,Nathan,Patterson,male,1623
545267,R. Drăgușin,Radu,Drăgușin,male,1624
545295,H. Graczyk,Hubert,Graczyk,male,22975
549884,T. Harwood-Bellis,Taylor,Harwood-Bellis,male,1619
